{
  "symbol": "GBPUSD=X",
  "timestamp": "2025-07-16T02:46:36.319337",
  "models": {
    "scalping": {
      "local_path": "models_v2/GBPUSD=X/GBPUSD=X_scalping_ensemble.pkl",
      "drive_path": "/content/drive/MyDrive/aitraderx/models/GBPUSD=X/GBPUSD=X_scalping_ensemble.pkl",
      "accuracy": 0.9615384615384616,
      "signal_accuracy": 1.0,
      "models_count": 3
    },
    "day_trading": {
      "local_path": "models_v2/GBPUSD=X/GBPUSD=X_day_trading_ensemble.pkl",
      "drive_path": "/content/drive/MyDrive/aitraderx/models/GBPUSD=X/GBPUSD=X_day_trading_ensemble.pkl",
      "accuracy": 0.9230769230769231,
      "signal_accuracy": 0.96,
      "models_count": 3
    },
    "swing_trading": {
      "local_path": "models_v2/GBPUSD=X/GBPUSD=X_swing_trading_ensemble.pkl",
      "drive_path": "/content/drive/MyDrive/aitraderx/models/GBPUSD=X/GBPUSD=X_swing_trading_ensemble.pkl",
      "accuracy": 0.7692307692307693,
      "signal_accuracy": 0.8333333333333334,
      "models_count": 3
    },
    "position_trading": {
      "local_path": "models_v2/GBPUSD=X/GBPUSD=X_position_trading_ensemble.pkl",
      "drive_path": "/content/drive/MyDrive/aitraderx/models/GBPUSD=X/GBPUSD=X_position_trading_ensemble.pkl",
      "accuracy": 0.5769230769230769,
      "signal_accuracy": 0.631578947368421,
      "models_count": 3
    }
  },
  "colab_backup": true
}