{
  "pair": "USDCAD",
  "style": "swing_trading",
  "accuracies": {
    "rf": 0.9230769230769231,
    "gb": 1.0,
    "et": 1.0,
    "xgb": 1.0,
    "lgb": 0.9615384615384616,
    "mlp": 0.7692307692307693
  },
  "trading_results": {
    "initial_balance": 10000,
    "final_balance": 9700,
    "total_trades": 1,
    "winning_trades": 0,
    "win_rate": 0.0,
    "lot_size": 0.5,
    "sl_pips": 30,
    "tp_pips": 60
  },
  "config": {
    "period": "6mo",
    "interval": "1d",
    "target_horizon": 48,
    "pip_threshold": 20
  },
  "timestamp": "2025-07-24T01:00:39.893475"
}