{
  "symbol": "USDJPY=X",
  "timestamp": "2025-07-16T02:32:25.844998",
  "models": {
    "scalping": {
      "local_path": "models_v2/USDJPY=X/USDJPY=X_scalping_ensemble.pkl",
      "drive_path": "/content/drive/MyDrive/aitraderx/models/USDJPY=X/USDJPY=X_scalping_ensemble.pkl",
      "accuracy": 0.9615384615384616,
      "signal_accuracy": 1.0,
      "models_count": 3
    },
    "day_trading": {
      "local_path": "models_v2/USDJPY=X/USDJPY=X_day_trading_ensemble.pkl",
      "drive_path": "/content/drive/MyDrive/aitraderx/models/USDJPY=X/USDJPY=X_day_trading_ensemble.pkl",
      "accuracy": 0.8846153846153846,
      "signal_accuracy": 1.0,
      "models_count": 3
    },
    "swing_trading": {
      "local_path": "models_v2/USDJPY=X/USDJPY=X_swing_trading_ensemble.pkl",
      "drive_path": "/content/drive/MyDrive/aitraderx/models/USDJPY=X/USDJPY=X_swing_trading_ensemble.pkl",
      "accuracy": 0.6730769230769231,
      "signal_accuracy": 0.7291666666666666,
      "models_count": 3
    },
    "position_trading": {
      "local_path": "models_v2/USDJPY=X/USDJPY=X_position_trading_ensemble.pkl",
      "drive_path": "/content/drive/MyDrive/aitraderx/models/USDJPY=X/USDJPY=X_position_trading_ensemble.pkl",
      "accuracy": 0.5384615384615384,
      "signal_accuracy": 0.5773195876288659,
      "models_count": 3
    }
  },
  "colab_backup": true
}