{
  "symbol": "AUDUSD=X",
  "timestamp": "2025-07-16T03:00:27.054670",
  "models": {
    "scalping": {
      "local_path": "models_v2/AUDUSD=X/AUDUSD=X_scalping_ensemble.pkl",
      "drive_path": "/content/drive/MyDrive/aitraderx/models/AUDUSD=X/AUDUSD=X_scalping_ensemble.pkl",
      "accuracy": 1.0,
      "signal_accuracy": 1.0,
      "models_count": 3
    },
    "day_trading": {
      "local_path": "models_v2/AUDUSD=X/AUDUSD=X_day_trading_ensemble.pkl",
      "drive_path": "/content/drive/MyDrive/aitraderx/models/AUDUSD=X/AUDUSD=X_day_trading_ensemble.pkl",
      "accuracy": 0.7692307692307693,
      "signal_accuracy": 0.8260869565217391,
      "models_count": 3
    },
    "swing_trading": {
      "local_path": "models_v2/AUDUSD=X/AUDUSD=X_swing_trading_ensemble.pkl",
      "drive_path": "/content/drive/MyDrive/aitraderx/models/AUDUSD=X/AUDUSD=X_swing_trading_ensemble.pkl",
      "accuracy": 0.6730769230769231,
      "signal_accuracy": 0.7777777777777778,
      "models_count": 3
    },
    "position_trading": {
      "local_path": "models_v2/AUDUSD=X/AUDUSD=X_position_trading_ensemble.pkl",
      "drive_path": "/content/drive/MyDrive/aitraderx/models/AUDUSD=X/AUDUSD=X_position_trading_ensemble.pkl",
      "accuracy": 0.4519230769230769,
      "signal_accuracy": 0.48936170212765956,
      "models_count": 3
    }
  },
  "colab_backup": true
}