{
  "symbol": "EURUSD=X",
  "timestamp": "2025-07-16T02:18:56.301752",
  "models": {
    "scalping": {
      "local_path": "models_v2/EURUSD=X/EURUSD=X_scalping_ensemble.pkl",
      "drive_path": "/content/drive/MyDrive/aitraderx/models/EURUSD=X/EURUSD=X_scalping_ensemble.pkl",
      "accuracy": 1.0,
      "signal_accuracy": 1.0,
      "models_count": 3
    },
    "day_trading": {
      "local_path": "models_v2/EURUSD=X/EURUSD=X_day_trading_ensemble.pkl",
      "drive_path": "/content/drive/MyDrive/aitraderx/models/EURUSD=X/EURUSD=X_day_trading_ensemble.pkl",
      "accuracy": 0.8461538461538461,
      "signal_accuracy": 0.8461538461538461,
      "models_count": 3
    },
    "swing_trading": {
      "local_path": "models_v2/EURUSD=X/EURUSD=X_swing_trading_ensemble.pkl",
      "drive_path": "/content/drive/MyDrive/aitraderx/models/EURUSD=X/EURUSD=X_swing_trading_ensemble.pkl",
      "accuracy": 0.8461538461538461,
      "signal_accuracy": 0.8461538461538461,
      "models_count": 3
    },
    "position_trading": {
      "local_path": "models_v2/EURUSD=X/EURUSD=X_position_trading_ensemble.pkl",
      "drive_path": "/content/drive/MyDrive/aitraderx/models/EURUSD=X/EURUSD=X_position_trading_ensemble.pkl",
      "accuracy": 0.6153846153846154,
      "signal_accuracy": 0.64,
      "models_count": 3
    }
  },
  "colab_backup": true
}