{
  "symbol": "USDCAD=X",
  "timestamp": "2025-07-16T03:13:04.243050",
  "models": {
    "scalping": {
      "local_path": "models_v2/USDCAD=X/USDCAD=X_scalping_ensemble.pkl",
      "drive_path": "/content/drive/MyDrive/aitraderx/models/USDCAD=X/USDCAD=X_scalping_ensemble.pkl",
      "accuracy": 0.9230769230769231,
      "signal_accuracy": 0.96,
      "models_count": 3
    },
    "day_trading": {
      "local_path": "models_v2/USDCAD=X/USDCAD=X_day_trading_ensemble.pkl",
      "drive_path": "/content/drive/MyDrive/aitraderx/models/USDCAD=X/USDCAD=X_day_trading_ensemble.pkl",
      "accuracy": 0.9615384615384616,
      "signal_accuracy": 1.0,
      "models_count": 3
    },
    "swing_trading": {
      "local_path": "models_v2/USDCAD=X/USDCAD=X_swing_trading_ensemble.pkl",
      "drive_path": "/content/drive/MyDrive/aitraderx/models/USDCAD=X/USDCAD=X_swing_trading_ensemble.pkl",
      "accuracy": 0.6153846153846154,
      "signal_accuracy": 0.6808510638297872,
      "models_count": 3
    },
    "position_trading": {
      "local_path": "models_v2/USDCAD=X/USDCAD=X_position_trading_ensemble.pkl",
      "drive_path": "/content/drive/MyDrive/aitraderx/models/USDCAD=X/USDCAD=X_position_trading_ensemble.pkl",
      "accuracy": 0.5673076923076923,
      "signal_accuracy": 0.6276595744680851,
      "models_count": 3
    }
  },
  "colab_backup": true
}